timestamp, open, high, low, close, volume
1738789500000,198.62000000,198.84000000,198.16000000,198.76000000,20171.90000000
1738789800000,198.76000000,198.96000000,198.21000000,198.30000000,8237.60000000
1738790100000,198.30000000,198.96000000,198.10000000,198.78000000,8797.10000000
1738790400000,198.78000000,199.06000000,198.67000000,199.00000000,22069.20000000
1738790700000,199.00000000,199.31000000,198.72000000,198.82000000,12865.60000000
1738791000000,198.82000000,199.88000000,198.73000000,199.75000000,16831.20000000
1738791300000,199.75000000,199.97000000,199.32000000,199.92000000,7633.60000000
1738791600000,199.92000000,199.94000000,199.47000000,199.68000000,11724.40000000
1738791900000,199.68000000,199.96000000,199.13000000,199.80000000,7745.80000000
1738792200000,199.80000000,199.96000000,199.33000000,199.63000000,10445.00000000
1738792500000,199.63000000,199.81000000,198.61000000,198.76000000,22387.90000000
1738792800000,198.76000000,198.80000000,197.65000000,198.32000000,40769.30000000
1738793100000,198.32000000,198.80000000,197.93000000,198.45000000,10967.80000000
1738793400000,198.45000000,199.22000000,198.25000000,199.16000000,10100.20000000
1738793700000,199.16000000,199.38000000,197.69000000,197.93000000,15532.90000000
1738794000000,197.93000000,197.99000000,196.80000000,196.89000000,27382.90000000
1738794300000,196.89000000,197.22000000,196.68000000,196.88000000,17980.10000000
1738794600000,196.88000000,197.73000000,196.70000000,197.15000000,16041.20000000
1738794900000,197.15000000,197.24000000,195.50000000,195.95000000,62586.30000000
1738795200000,195.95000000,196.36000000,195.55000000,195.56000000,26251.00000000
1738795500000,195.56000000,196.45000000,195.41000000,196.24000000,14720.20000000
1738795800000,196.24000000,196.43000000,196.14000000,196.15000000,8730.20000000
1738796100000,196.15000000,196.23000000,195.70000000,195.86000000,18853.30000000
1738796400000,195.86000000,196.23000000,195.31000000,195.77000000,36173.00000000
1738796700000,195.77000000,196.78000000,195.71000000,196.47000000,26661.70000000
1738797000000,196.47000000,197.36000000,196.35000000,196.88000000,25718.70000000
1738797300000,196.88000000,196.93000000,196.28000000,196.66000000,10435.60000000
1738797600000,196.66000000,197.02000000,196.17000000,196.81000000,17135.70000000
1738797900000,196.81000000,196.83000000,195.44000000,195.53000000,15051.60000000
1738798200000,195.53000000,195.72000000,195.02000000,195.58000000,30193.70000000
1738798500000,195.58000000,196.24000000,195.37000000,195.83000000,26454.30000000
1738798800000,195.83000000,196.42000000,195.71000000,196.17000000,10953.70000000
1738799100000,196.17000000,196.39000000,195.59000000,196.06000000,37067.90000000
1738799400000,196.06000000,196.24000000,195.63000000,195.99000000,7429.60000000
1738799700000,195.99000000,196.10000000,195.55000000,195.99000000,24923.60000000
1738800000000,195.99000000,197.73000000,195.91000000,197.72000000,50330.30000000
1738800300000,197.72000000,197.79000000,196.76000000,196.94000000,32933.00000000
1738800600000,196.94000000,198.09000000,196.91000000,197.73000000,25344.90000000
1738800900000,197.73000000,198.05000000,197.49000000,197.76000000,20815.70000000
1738801200000,197.76000000,198.70000000,197.73000000,198.24000000,33771.90000000
1738801500000,198.24000000,198.30000000,197.86000000,198.12000000,10376.30000000
1738801800000,198.12000000,198.33000000,197.48000000,197.90000000,27956.40000000
1738802100000,197.90000000,198.80000000,197.86000000,198.13000000,17839.80000000
1738802400000,198.13000000,198.22000000,197.30000000,197.78000000,24518.60000000
1738802700000,197.78000000,197.84000000,196.55000000,196.70000000,28668.80000000
1738803000000,196.70000000,197.15000000,196.53000000,196.79000000,24630.00000000
1738803300000,196.79000000,197.28000000,196.77000000,197.04000000,12295.10000000
1738803600000,197.04000000,197.10000000,196.03000000,196.84000000,35807.30000000
1738803900000,196.84000000,198.55000000,196.58000000,198.50000000,19478.20000000
1738804200000,198.50000000,198.99000000,198.36000000,198.92000000,22249.00000000
1738804500000,198.92000000,198.96000000,198.30000000,198.47000000,10569.80000000
1738804800000,198.47000000,199.87000000,198.47000000,199.39000000,28584.40000000
1738805100000,199.39000000,199.51000000,198.70000000,198.73000000,12329.00000000
1738805400000,198.73000000,198.86000000,197.88000000,198.86000000,27243.70000000
1738805700000,198.86000000,198.93000000,198.05000000,198.43000000,12110.60000000
1738806000000,198.43000000,199.04000000,198.15000000,198.20000000,15688.20000000
1738806300000,198.20000000,198.99000000,198.13000000,198.79000000,12838.90000000
1738806600000,198.79000000,199.13000000,198.40000000,199.13000000,10997.80000000
1738806900000,199.13000000,199.46000000,199.12000000,199.24000000,8139.00000000
1738807200000,199.24000000,199.82000000,199.03000000,199.80000000,10213.90000000
1738807500000,199.80000000,200.13000000,199.53000000,199.75000000,17338.30000000
1738807800000,199.75000000,200.61000000,199.57000000,200.54000000,16474.10000000
1738808100000,200.54000000,200.87000000,199.93000000,200.28000000,14765.20000000
1738808400000,200.28000000,200.79000000,200.16000000,200.53000000,21272.10000000
1738808700000,200.53000000,201.10000000,200.48000000,200.50000000,16044.30000000
1738809000000,200.50000000,200.61000000,200.02000000,200.47000000,16469.50000000
1738809300000,200.47000000,200.56000000,200.14000000,200.21000000,6897.40000000
1738809600000,200.21000000,200.67000000,199.96000000,200.58000000,9813.00000000
1738809900000,200.58000000,200.68000000,200.07000000,200.57000000,6008.90000000
1738810200000,200.57000000,200.62000000,199.78000000,200.03000000,7185.60000000
1738810500000,200.03000000,200.47000000,199.97000000,200.18000000,15382.90000000
1738810800000,200.18000000,200.49000000,199.80000000,200.37000000,14142.70000000
1738811100000,200.37000000,200.57000000,199.64000000,199.88000000,11324.90000000
1738811400000,199.88000000,199.96000000,199.37000000,199.54000000,11445.80000000
1738811700000,199.54000000,200.07000000,199.24000000,199.72000000,13007.90000000
1738812000000,199.72000000,200.17000000,199.48000000,199.94000000,9956.40000000
1738812300000,199.94000000,200.16000000,199.69000000,200.10000000,3454.40000000
1738812600000,200.10000000,200.66000000,200.00000000,200.42000000,10486.50000000
1738812900000,200.42000000,201.03000000,200.33000000,200.85000000,8276.50000000
1738813200000,200.85000000,201.24000000,200.69000000,200.95000000,19036.60000000
1738813500000,200.95000000,201.00000000,200.47000000,200.56000000,9097.80000000
1738813800000,200.56000000,200.69000000,200.30000000,200.56000000,11961.00000000
1738814100000,200.56000000,200.74000000,200.43000000,200.58000000,4216.40000000
1738814400000,200.58000000,200.99000000,200.34000000,200.60000000,10660.50000000
1738814700000,200.60000000,200.67000000,200.32000000,200.44000000,8175.10000000
1738815000000,200.44000000,201.00000000,200.19000000,200.98000000,7829.90000000
1738815300000,200.98000000,201.69000000,200.79000000,201.42000000,14968.60000000
1738815600000,201.42000000,202.08000000,201.30000000,201.79000000,25242.30000000
1738815900000,201.79000000,201.82000000,201.18000000,201.57000000,17683.50000000
1738816200000,201.57000000,201.57000000,200.79000000,201.04000000,14216.00000000
1738816500000,201.04000000,201.37000000,200.85000000,201.14000000,7992.40000000
1738816800000,201.14000000,201.49000000,201.13000000,201.35000000,3943.50000000
1738817100000,201.35000000,201.42000000,200.93000000,201.12000000,6448.10000000
1738817400000,201.12000000,201.26000000,200.89000000,201.16000000,7619.90000000
1738817700000,201.16000000,201.69000000,201.12000000,201.49000000,17872.30000000
1738818000000,201.49000000,201.57000000,200.84000000,201.16000000,17590.60000000
1738818300000,201.16000000,201.21000000,200.91000000,200.97000000,6238.20000000
1738818600000,200.97000000,201.35000000,200.82000000,200.97000000,6369.60000000
1738818900000,200.97000000,201.11000000,200.54000000,200.83000000,9321.10000000
1738819200000,200.83000000,201.24000000,200.76000000,201.13000000,5748.10000000
1738819500000,201.13000000,201.90000000,201.12000000,201.81000000,11688.60000000
1738819800000,201.81000000,201.83000000,201.37000000,201.39000000,8726.90000000
1738820100000,201.39000000,202.25000000,201.25000000,202.23000000,10528.10000000
1738820400000,202.23000000,202.53000000,202.08000000,202.19000000,17875.30000000
1738820700000,202.19000000,202.41000000,201.91000000,202.01000000,9945.30000000
1738821000000,202.01000000,202.01000000,201.40000000,201.96000000,50010.50000000
1738821300000,201.96000000,202.14000000,201.50000000,201.55000000,29444.80000000
1738821600000,201.55000000,202.08000000,201.36000000,201.41000000,16675.80000000
1738821900000,201.41000000,202.13000000,201.23000000,202.03000000,22317.70000000
1738822200000,202.03000000,202.68000000,201.76000000,202.53000000,25670.60000000
1738822500000,202.53000000,202.98000000,202.39000000,202.63000000,19379.70000000
1738822800000,202.63000000,202.85000000,202.44000000,202.55000000,31935.00000000
1738823100000,202.55000000,202.59000000,202.14000000,202.16000000,32078.50000000
1738823400000,202.16000000,202.56000000,202.16000000,202.23000000,42162.00000000
1738823700000,202.23000000,203.53000000,202.23000000,203.32000000,30337.30000000
1738824000000,203.32000000,203.60000000,203.17000000,203.33000000,47987.40000000
1738824300000,203.33000000,203.58000000,203.13000000,203.42000000,34305.40000000
1738824600000,203.42000000,203.78000000,203.21000000,203.51000000,47472.50000000
1738824900000,203.51000000,203.85000000,203.47000000,203.58000000,18313.20000000
1738825200000,203.58000000,203.58000000,202.87000000,202.98000000,60849.00000000
1738825500000,202.98000000,202.99000000,202.33000000,202.53000000,28637.10000000
1738825800000,202.53000000,202.74000000,202.28000000,202.48000000,12418.70000000
1738826100000,202.48000000,202.88000000,202.35000000,202.81000000,10770.30000000
1738826400000,202.81000000,202.86000000,202.38000000,202.59000000,6832.50000000
1738826700000,202.59000000,202.79000000,202.31000000,202.43000000,14286.60000000
1738827000000,202.43000000,202.99000000,202.27000000,202.33000000,13864.00000000
1738827300000,202.33000000,202.53000000,201.93000000,202.39000000,15214.00000000
1738827600000,202.39000000,202.39000000,201.79000000,202.19000000,14158.10000000
1738827900000,202.19000000,202.32000000,201.95000000,201.95000000,8387.70000000
1738828200000,201.95000000,202.12000000,201.63000000,201.83000000,16309.20000000
1738828500000,201.83000000,202.13000000,201.81000000,201.92000000,13147.70000000
1738828800000,201.92000000,202.26000000,201.40000000,201.52000000,25845.00000000
1738829100000,201.52000000,202.50000000,201.52000000,202.20000000,39627.00000000
1738829400000,202.20000000,202.27000000,201.58000000,201.76000000,33701.80000000
1738829700000,201.76000000,202.12000000,201.70000000,202.12000000,10327.90000000
1738830000000,202.12000000,202.12000000,201.61000000,201.78000000,4542.20000000
1738830300000,201.78000000,202.08000000,201.50000000,201.54000000,10014.30000000
1738830600000,201.54000000,201.85000000,201.17000000,201.19000000,12485.50000000
1738830900000,201.19000000,201.60000000,201.01000000,201.50000000,17121.60000000
1738831200000,201.50000000,201.81000000,200.94000000,201.15000000,23355.60000000
1738831500000,201.15000000,201.56000000,200.82000000,201.54000000,13214.30000000
1738831800000,201.54000000,201.59000000,201.19000000,201.34000000,8178.80000000
1738832100000,201.34000000,201.35000000,200.76000000,201.02000000,15451.90000000
1738832400000,201.02000000,201.43000000,200.51000000,201.31000000,24213.10000000
1738832700000,201.31000000,201.52000000,200.94000000,201.47000000,7637.30000000
1738833000000,201.47000000,202.78000000,201.47000000,202.66000000,27442.60000000
1738833300000,202.66000000,202.82000000,202.17000000,202.46000000,27216.00000000
1738833600000,202.46000000,202.68000000,201.77000000,201.80000000,35756.30000000
1738833900000,201.80000000,202.13000000,201.61000000,201.81000000,11244.40000000
1738834200000,201.81000000,202.62000000,201.74000000,202.53000000,20078.00000000
1738834500000,202.53000000,202.82000000,202.17000000,202.23000000,12192.90000000
1738834800000,202.23000000,202.29000000,201.72000000,201.75000000,9982.40000000
1738835100000,201.75000000,202.20000000,201.71000000,202.00000000,4831.70000000
1738835400000,202.00000000,202.28000000,201.80000000,202.07000000,5240.20000000
1738835700000,202.07000000,202.61000000,202.06000000,202.46000000,5047.40000000
1738836000000,202.46000000,202.65000000,202.29000000,202.48000000,7155.40000000
1738836300000,202.48000000,202.75000000,202.13000000,202.72000000,8832.50000000
1738836600000,202.72000000,202.73000000,202.27000000,202.49000000,7180.90000000
1738836900000,202.49000000,202.50000000,202.05000000,202.12000000,11568.60000000
1738837200000,202.12000000,202.28000000,201.98000000,202.06000000,8673.00000000
1738837500000,202.06000000,202.76000000,202.04000000,202.49000000,19883.10000000
1738837800000,202.49000000,202.54000000,202.09000000,202.19000000,7987.70000000
1738838100000,202.19000000,202.31000000,201.06000000,201.11000000,15624.20000000
1738838400000,201.11000000,201.40000000,200.71000000,201.20000000,17861.10000000
1738838700000,201.20000000,201.43000000,200.80000000,201.20000000,12064.50000000
1738839000000,201.20000000,201.50000000,200.94000000,201.05000000,14042.20000000
1738839300000,201.05000000,201.27000000,200.75000000,201.21000000,12041.60000000
1738839600000,201.21000000,201.37000000,200.22000000,200.51000000,24881.90000000
1738839900000,200.51000000,200.93000000,200.43000000,200.74000000,14939.90000000
1738840200000,200.74000000,200.80000000,200.31000000,200.65000000,38991.20000000
1738840500000,200.65000000,200.65000000,199.44000000,199.78000000,44202.40000000
1738840800000,199.78000000,199.90000000,199.38000000,199.60000000,27191.90000000
1738841100000,199.60000000,199.66000000,199.03000000,199.39000000,28976.50000000
1738841400000,199.39000000,199.62000000,198.48000000,198.65000000,35173.30000000
1738841700000,198.65000000,199.78000000,198.55000000,199.39000000,37316.20000000
1738842000000,199.39000000,200.08000000,199.36000000,200.05000000,16333.10000000
1738842300000,200.05000000,200.69000000,199.89000000,200.56000000,25569.00000000
1738842600000,200.56000000,200.88000000,200.52000000,200.64000000,13900.80000000
1738842900000,200.64000000,200.75000000,200.00000000,200.14000000,10162.50000000
1738843200000,200.14000000,200.52000000,199.88000000,200.30000000,17353.20000000
1738843500000,200.30000000,200.50000000,198.97000000,199.00000000,24206.20000000
1738843800000,199.00000000,199.56000000,198.93000000,199.22000000,18982.20000000
1738844100000,199.22000000,199.29000000,198.70000000,198.90000000,17140.40000000
1738844400000,198.90000000,199.17000000,198.54000000,198.58000000,14820.40000000
1738844700000,198.58000000,199.10000000,198.54000000,199.02000000,24969.80000000
1738845000000,199.02000000,199.30000000,197.60000000,197.76000000,62774.80000000
1738845300000,197.76000000,198.87000000,197.71000000,198.77000000,34904.60000000
1738845600000,198.77000000,199.15000000,198.71000000,199.09000000,26226.60000000
1738845900000,199.09000000,199.28000000,198.31000000,198.40000000,16546.70000000
1738846200000,198.40000000,198.73000000,198.11000000,198.61000000,12857.70000000
1738846500000,198.61000000,198.62000000,197.95000000,198.14000000,13520.90000000
1738846800000,198.14000000,198.80000000,197.97000000,198.41000000,22365.30000000
1738847100000,198.41000000,198.70000000,198.30000000,198.30000000,15626.70000000
1738847400000,198.30000000,198.57000000,198.18000000,198.51000000,12379.10000000
1738847700000,198.51000000,198.93000000,198.24000000,198.40000000,17140.10000000
1738848000000,198.40000000,198.75000000,198.26000000,198.41000000,8173.60000000
1738848300000,198.41000000,198.93000000,198.24000000,198.50000000,7704.20000000
1738848600000,198.50000000,200.10000000,198.42000000,199.71000000,40845.50000000
1738848900000,199.71000000,200.05000000,199.23000000,199.63000000,24892.60000000
1738849200000,199.63000000,199.63000000,198.65000000,198.82000000,24391.40000000
1738849500000,198.82000000,199.40000000,198.51000000,199.09000000,24239.40000000
1738849800000,199.09000000,199.82000000,198.94000000,199.81000000,16999.60000000
1738850100000,199.81000000,200.37000000,199.80000000,200.13000000,30753.20000000
1738850400000,200.13000000,200.60000000,199.45000000,199.49000000,29101.80000000
1738850700000,199.49000000,199.50000000,198.15000000,198.70000000,74400.30000000
1738851000000,198.70000000,198.98000000,198.32000000,198.95000000,39972.40000000
1738851300000,198.95000000,199.07000000,197.67000000,197.82000000,40017.60000000
1738851600000,197.82000000,198.04000000,197.41000000,197.42000000,27230.50000000
1738851900000,197.42000000,198.06000000,197.42000000,197.97000000,18343.40000000
1738852200000,197.97000000,198.61000000,196.59000000,198.52000000,61385.70000000
1738852500000,198.52000000,198.69000000,196.87000000,197.10000000,34517.20000000
1738852800000,197.10000000,197.25000000,195.42000000,196.20000000,89216.90000000
1738853100000,196.20000000,196.96000000,195.96000000,196.67000000,78236.00000000
1738853400000,196.67000000,196.74000000,195.33000000,195.69000000,42115.20000000
1738853700000,195.69000000,196.30000000,194.79000000,195.10000000,168528.10000000
1738854000000,195.10000000,195.78000000,194.59000000,195.06000000,57526.70000000
1738854300000,195.06000000,195.77000000,194.37000000,195.60000000,76645.60000000
1738854600000,195.60000000,196.04000000,195.13000000,195.62000000,41918.00000000
1738854900000,195.62000000,195.76000000,193.86000000,195.11000000,103686.20000000
1738855200000,195.11000000,195.34000000,193.87000000,194.17000000,92472.30000000
1738855500000,194.17000000,194.72000000,193.91000000,194.03000000,51605.60000000
1738855800000,194.03000000,194.07000000,192.56000000,193.02000000,134421.00000000
1738856100000,193.02000000,193.48000000,192.48000000,193.03000000,91876.80000000
1738856400000,193.03000000,193.47000000,191.74000000,192.26000000,87379.00000000
1738856700000,192.26000000,192.37000000,191.20000000,191.84000000,95389.80000000
1738857000000,191.84000000,192.03000000,190.45000000,190.62000000,122050.70000000
1738857300000,190.62000000,191.28000000,190.57000000,191.13000000,41455.30000000
1738857600000,191.13000000,192.09000000,190.83000000,191.32000000,118431.60000000
1738857900000,191.32000000,192.15000000,191.01000000,191.57000000,50051.40000000
1738858200000,191.57000000,192.75000000,191.07000000,192.41000000,39032.00000000
1738858500000,192.41000000,192.86000000,190.91000000,190.91000000,46956.60000000
1738858800000,190.91000000,191.03000000,190.09000000,190.66000000,106868.90000000
1738859100000,190.66000000,190.91000000,190.14000000,190.26000000,24024.60000000
1738859400000,190.26000000,190.80000000,189.69000000,190.31000000,66497.20000000
1738859700000,190.31000000,190.69000000,189.77000000,190.04000000,45868.80000000
1738860000000,190.04000000,190.17000000,189.22000000,189.26000000,73394.40000000
1738860300000,189.26000000,190.23000000,188.56000000,189.96000000,91375.60000000
1738860600000,189.96000000,190.21000000,189.34000000,189.83000000,48476.50000000
1738860900000,189.83000000,190.24000000,189.56000000,190.23000000,26314.30000000
1738861200000,190.23000000,190.92000000,189.78000000,190.37000000,50104.30000000
1738861500000,190.37000000,190.95000000,190.18000000,190.37000000,39082.40000000
1738861800000,190.37000000,190.43000000,189.85000000,190.20000000,19571.70000000
1738862100000,190.20000000,190.55000000,188.90000000,189.30000000,32306.80000000
1738862400000,189.30000000,190.46000000,189.22000000,190.37000000,42135.10000000
1738862700000,190.37000000,191.59000000,190.30000000,191.53000000,38834.10000000
1738863000000,191.53000000,191.84000000,191.00000000,191.29000000,40396.30000000
1738863300000,191.29000000,192.80000000,191.18000000,192.51000000,44743.80000000
1738863600000,192.51000000,192.57000000,191.18000000,191.34000000,26845.50000000
1738863900000,191.34000000,191.39000000,190.71000000,190.94000000,23648.50000000
1738864200000,190.94000000,191.05000000,190.48000000,190.51000000,14823.70000000
1738864500000,190.51000000,190.54000000,189.86000000,189.92000000,24093.50000000
1738864800000,189.92000000,190.67000000,189.01000000,190.55000000,73204.50000000
1738865100000,190.55000000,191.00000000,190.26000000,190.62000000,37673.20000000
1738865400000,190.62000000,190.81000000,189.35000000,189.53000000,58672.20000000
1738865700000,189.53000000,190.53000000,189.46000000,190.48000000,29674.10000000
1738866000000,190.48000000,190.55000000,189.63000000,190.09000000,27113.70000000
1738866300000,190.09000000,190.09000000,189.35000000,189.49000000,24783.70000000
1738866600000,189.49000000,190.29000000,188.25000000,190.19000000,84150.10000000
1738866900000,190.19000000,190.51000000,189.55000000,189.66000000,97465.60000000
1738867200000,189.66000000,189.77000000,189.18000000,189.27000000,29984.90000000
1738867500000,189.27000000,190.12000000,189.15000000,190.09000000,21935.90000000
1738867800000,190.09000000,190.56000000,189.65000000,190.13000000,20215.90000000
1738868100000,190.13000000,190.36000000,189.67000000,189.82000000,11106.20000000
1738868400000,189.82000000,189.85000000,188.73000000,189.66000000,50515.60000000
1738868700000,189.66000000,189.93000000,188.58000000,189.35000000,31459.70000000
1738869000000,189.35000000,190.94000000,189.33000000,190.64000000,65802.20000000
1738869300000,190.64000000,191.70000000,190.57000000,190.91000000,43930.20000000
1738869600000,190.91000000,191.61000000,190.81000000,191.43000000,21507.30000000
1738869900000,191.43000000,191.55000000,190.04000000,190.15000000,33992.60000000
1738870200000,190.15000000,190.15000000,188.98000000,189.73000000,47554.90000000
1738870500000,189.73000000,189.89000000,188.84000000,189.50000000,76309.30000000
1738870800000,189.50000000,190.08000000,189.33000000,189.84000000,17365.40000000
1738871100000,189.84000000,189.98000000,189.01000000,189.61000000,29518.20000000
1738871400000,189.61000000,189.99000000,189.06000000,189.91000000,19204.20000000
1738871700000,189.91000000,190.26000000,189.47000000,189.74000000,23646.10000000
1738872000000,189.74000000,190.72000000,189.40000000,190.51000000,41247.00000000
1738872300000,190.51000000,190.80000000,190.01000000,190.67000000,37219.00000000
1738872600000,190.67000000,191.26000000,190.66000000,190.99000000,27873.20000000
1738872900000,190.99000000,191.26000000,190.47000000,190.68000000,21289.60000000
1738873200000,190.68000000,191.24000000,190.36000000,190.60000000,13139.90000000
1738873500000,190.60000000,191.19000000,190.21000000,190.90000000,30600.10000000
1738873800000,190.90000000,192.30000000,190.86000000,191.86000000,55664.30000000
1738874100000,191.86000000,192.06000000,191.49000000,192.03000000,13759.20000000
1738874400000,192.03000000,192.12000000,191.44000000,191.45000000,12492.10000000
1738874700000,191.45000000,192.85000000,191.34000000,192.08000000,38331.60000000
1738875000000,192.08000000,192.55000000,192.00000000,192.42000000,19225.90000000
1738875300000,192.42000000,193.04000000,192.42000000,193.01000000,21358.60000000
1738875600000,193.01000000,193.16000000,192.30000000,192.64000000,32909.40000000
1738875900000,192.64000000,193.27000000,192.35000000,192.70000000,18806.30000000
1738876200000,192.70000000,193.02000000,192.18000000,192.20000000,13977.10000000
1738876500000,192.20000000,192.47000000,191.22000000,191.64000000,36717.50000000
1738876800000,191.64000000,191.91000000,191.15000000,191.60000000,14788.50000000
1738877100000,191.60000000,191.73000000,191.22000000,191.33000000,5804.10000000
1738877400000,191.33000000,191.44000000,190.38000000,191.42000000,49859.60000000
1738877700000,191.42000000,192.20000000,191.36000000,191.87000000,14594.20000000
1738878000000,191.87000000,192.55000000,191.79000000,192.41000000,14446.40000000
1738878300000,192.41000000,192.64000000,191.89000000,192.00000000,8570.20000000
1738878600000,192.00000000,192.50000000,191.73000000,191.79000000,20248.90000000
1738878900000,191.79000000,194.65000000,191.77000000,193.88000000,186150.60000000
1738879200000,193.88000000,193.98000000,192.47000000,193.04000000,56286.60000000
1738879500000,193.04000000,193.05000000,191.75000000,191.94000000,50923.30000000
1738879800000,191.94000000,191.99000000,190.90000000,191.14000000,56071.70000000
1738880100000,191.14000000,192.03000000,190.80000000,191.01000000,26750.70000000
1738880400000,191.01000000,191.61000000,190.24000000,191.39000000,37405.70000000
1738880700000,191.39000000,192.14000000,191.18000000,191.96000000,14595.10000000
1738881000000,191.96000000,191.96000000,191.05000000,191.49000000,11272.80000000
1738881300000,191.49000000,192.02000000,191.14000000,191.53000000,13149.10000000
1738881600000,191.53000000,191.66000000,191.32000000,191.33000000,7215.30000000
1738881900000,191.33000000,191.38000000,190.85000000,190.92000000,7047.80000000
1738882200000,190.92000000,190.93000000,190.28000000,190.51000000,9092.50000000
1738882500000,190.51000000,190.94000000,190.36000000,190.59000000,14460.70000000
1738882800000,190.59000000,190.60000000,189.66000000,190.31000000,34770.70000000
1738883100000,190.31000000,191.08000000,190.25000000,190.25000000,35654.60000000
1738883400000,190.25000000,190.43000000,189.70000000,189.82000000,25348.90000000
1738883700000,189.82000000,190.55000000,189.60000000,190.48000000,17206.10000000
1738884000000,190.48000000,190.61000000,189.32000000,189.38000000,14769.50000000
1738884300000,189.38000000,189.38000000,188.50000000,188.57000000,26876.60000000
1738884600000,188.57000000,188.76000000,188.21000000,188.68000000,35397.30000000
1738884900000,188.68000000,189.14000000,188.45000000,188.89000000,22833.10000000
1738885200000,188.89000000,188.89000000,187.26000000,188.61000000,102435.20000000
1738885500000,188.61000000,189.10000000,188.42000000,188.74000000,36154.10000000
1738885800000,188.74000000,189.53000000,188.64000000,189.45000000,11408.20000000
1738886100000,189.45000000,189.85000000,189.31000000,189.40000000,20491.80000000
1738886400000,189.40000000,190.84000000,189.02000000,190.40000000,71489.10000000
1738886700000,190.40000000,191.29000000,190.31000000,190.82000000,35017.50000000
1738887000000,190.82000000,191.35000000,190.60000000,190.96000000,14627.60000000
1738887300000,190.96000000,191.36000000,190.85000000,190.96000000,18143.60000000
1738887600000,190.96000000,192.23000000,190.96000000,191.64000000,27267.90000000
1738887900000,191.64000000,192.15000000,191.37000000,191.43000000,35795.20000000
1738888200000,191.43000000,191.86000000,191.20000000,191.28000000,28153.80000000
1738888500000,191.28000000,191.54000000,190.92000000,191.34000000,21321.10000000
1738888800000,191.34000000,191.34000000,190.16000000,190.30000000,45701.20000000
1738889100000,190.30000000,190.47000000,189.81000000,189.99000000,33485.30000000
1738889400000,189.99000000,190.08000000,189.32000000,189.89000000,24428.50000000
1738889700000,189.89000000,190.14000000,189.70000000,189.80000000,12920.50000000
1738890000000,189.80000000,190.34000000,189.70000000,190.29000000,11526.50000000
1738890300000,190.29000000,191.00000000,190.11000000,190.43000000,15793.40000000
1738890600000,190.43000000,190.95000000,190.36000000,190.92000000,12126.40000000
1738890900000,190.92000000,190.92000000,190.16000000,190.41000000,14841.30000000
1738891200000,190.41000000,191.19000000,190.20000000,190.91000000,17944.10000000
1738891500000,190.91000000,190.93000000,190.16000000,190.68000000,8906.20000000
1738891800000,190.68000000,190.82000000,189.75000000,190.11000000,30199.50000000
1738892100000,190.11000000,191.16000000,189.87000000,190.75000000,21870.60000000
1738892400000,190.75000000,190.87000000,190.19000000,190.78000000,11264.80000000
1738892700000,190.78000000,190.98000000,190.28000000,190.50000000,12007.70000000
1738893000000,190.50000000,193.71000000,190.33000000,193.51000000,115551.00000000
1738893300000,193.51000000,193.66000000,192.14000000,192.14000000,82067.40000000
1738893600000,192.14000000,193.37000000,191.98000000,193.11000000,37639.10000000
1738893900000,193.11000000,194.26000000,193.01000000,193.48000000,89396.70000000
1738894200000,193.48000000,193.71000000,193.02000000,193.45000000,27268.80000000
1738894500000,193.45000000,194.80000000,193.39000000,194.54000000,45332.70000000
1738894800000,194.54000000,194.68000000,194.07000000,194.39000000,40609.40000000
1738895100000,194.39000000,195.10000000,194.39000000,194.48000000,28515.20000000
1738895400000,194.48000000,195.00000000,193.99000000,194.82000000,30168.40000000
1738895700000,194.82000000,194.83000000,193.95000000,194.07000000,41254.10000000
1738896000000,194.07000000,194.18000000,193.73000000,193.89000000,20588.10000000
1738896300000,193.89000000,194.55000000,193.79000000,194.34000000,17273.40000000
1738896600000,194.34000000,194.80000000,194.07000000,194.10000000,16870.30000000
1738896900000,194.10000000,194.78000000,193.97000000,194.71000000,5202.40000000
1738897200000,194.71000000,195.18000000,194.38000000,194.45000000,23298.30000000
1738897500000,194.45000000,195.74000000,194.42000000,195.24000000,22432.10000000
1738897800000,195.24000000,195.54000000,194.49000000,194.64000000,20102.10000000
1738898100000,194.64000000,194.91000000,194.32000000,194.62000000,29308.70000000
1738898400000,194.62000000,194.62000000,194.01000000,194.11000000,20634.50000000
1738898700000,194.11000000,194.25000000,193.81000000,193.96000000,15977.50000000
1738899000000,193.96000000,193.97000000,193.19000000,193.38000000,28930.90000000
1738899300000,193.38000000,193.52000000,192.71000000,192.97000000,28505.40000000
1738899600000,192.97000000,193.10000000,192.34000000,192.45000000,31615.40000000
1738899900000,192.45000000,192.93000000,192.45000000,192.77000000,15140.80000000
1738900200000,192.77000000,193.37000000,192.75000000,193.02000000,17180.10000000
1738900500000,193.02000000,193.28000000,192.90000000,193.14000000,14117.40000000
1738900800000,193.14000000,193.89000000,192.90000000,193.67000000,17536.90000000
1738901100000,193.67000000,194.66000000,193.60000000,194.30000000,41593.10000000
1738901400000,194.30000000,194.57000000,194.09000000,194.42000000,29460.30000000
1738901700000,194.42000000,194.73000000,194.19000000,194.55000000,12589.10000000
1738902000000,194.55000000,195.07000000,194.55000000,195.01000000,13997.30000000
1738902300000,195.01000000,195.08000000,194.52000000,194.68000000,11844.50000000
1738902600000,194.68000000,195.18000000,194.68000000,194.95000000,12834.00000000
1738902900000,194.95000000,195.21000000,194.84000000,195.02000000,10316.20000000
1738903200000,195.02000000,195.02000000,194.51000000,194.63000000,15855.00000000
1738903500000,194.63000000,194.76000000,193.98000000,193.99000000,19608.90000000
1738903800000,193.99000000,194.49000000,193.90000000,194.19000000,10718.70000000
1738904100000,194.19000000,194.38000000,194.05000000,194.05000000,5540.40000000
1738904400000,194.05000000,194.56000000,193.91000000,194.42000000,9630.10000000
1738904700000,194.42000000,194.50000000,193.41000000,193.56000000,15162.50000000
1738905000000,193.56000000,193.85000000,193.24000000,193.53000000,15389.80000000
1738905300000,193.53000000,193.86000000,193.40000000,193.67000000,9030.20000000
1738905600000,193.67000000,193.68000000,192.77000000,193.06000000,21962.60000000
1738905900000,193.06000000,193.26000000,192.50000000,192.57000000,23396.40000000
1738906200000,192.57000000,192.99000000,192.08000000,192.83000000,38912.20000000
1738906500000,192.83000000,193.11000000,192.71000000,193.03000000,15543.90000000
1738906800000,193.03000000,193.30000000,192.96000000,193.26000000,13241.50000000
1738907100000,193.26000000,193.36000000,192.11000000,192.42000000,32489.30000000
1738907400000,192.42000000,192.63000000,192.03000000,192.41000000,10677.70000000
1738907700000,192.41000000,192.73000000,192.35000000,192.68000000,9773.90000000
1738908000000,192.68000000,192.87000000,191.53000000,192.13000000,49108.80000000
1738908300000,192.13000000,192.32000000,191.50000000,191.84000000,23897.80000000
1738908600000,191.84000000,192.24000000,191.72000000,192.11000000,10392.90000000
1738908900000,192.11000000,192.25000000,191.58000000,191.93000000,9375.30000000
1738909200000,191.93000000,191.93000000,190.82000000,191.29000000,27296.20000000
1738909500000,191.29000000,191.38000000,189.90000000,190.22000000,46624.90000000
1738909800000,190.22000000,190.80000000,190.02000000,190.09000000,24772.00000000
1738910100000,190.09000000,190.15000000,188.96000000,189.99000000,84248.10000000
1738910400000,189.99000000,190.14000000,189.51000000,189.87000000,15099.70000000
1738910700000,189.87000000,190.53000000,189.44000000,190.34000000,21081.90000000
1738911000000,190.34000000,190.77000000,190.24000000,190.60000000,14882.90000000
1738911300000,190.60000000,190.78000000,190.50000000,190.71000000,10665.60000000
1738911600000,190.71000000,191.44000000,190.63000000,191.26000000,39480.20000000
1738911900000,191.26000000,191.93000000,190.93000000,191.61000000,24277.90000000
1738912200000,191.61000000,191.96000000,191.43000000,191.66000000,12457.60000000
1738912500000,191.66000000,193.43000000,191.66000000,193.26000000,39699.20000000
1738912800000,193.26000000,193.40000000,192.58000000,192.90000000,28572.70000000
1738913100000,192.90000000,192.93000000,192.32000000,192.43000000,14226.90000000
1738913400000,192.43000000,192.93000000,192.31000000,192.86000000,14201.00000000
1738913700000,192.86000000,193.01000000,192.21000000,192.28000000,12891.60000000
1738914000000,192.28000000,192.89000000,192.07000000,192.72000000,12678.70000000
1738914300000,192.72000000,192.98000000,191.97000000,192.40000000,26489.40000000
1738914600000,192.40000000,192.60000000,192.10000000,192.20000000,11095.20000000
1738914900000,192.20000000,192.66000000,191.88000000,192.41000000,12705.20000000
1738915200000,192.41000000,192.52000000,191.52000000,192.44000000,21067.90000000
1738915500000,192.44000000,193.61000000,192.44000000,193.42000000,32270.10000000
1738915800000,193.42000000,193.50000000,192.79000000,192.83000000,10961.80000000
1738916100000,192.83000000,193.17000000,192.72000000,193.01000000,10618.70000000
1738916400000,193.01000000,193.22000000,192.58000000,192.86000000,8137.90000000
1738916700000,192.86000000,193.10000000,192.64000000,193.04000000,15314.20000000
1738917000000,193.04000000,193.66000000,193.00000000,193.27000000,41180.00000000
1738917300000,193.27000000,194.44000000,193.24000000,193.84000000,38908.80000000
1738917600000,193.84000000,194.46000000,193.84000000,194.45000000,12039.60000000
1738917900000,194.45000000,195.02000000,194.07000000,194.40000000,31989.80000000
1738918200000,194.40000000,194.48000000,194.04000000,194.16000000,19283.80000000
1738918500000,194.16000000,194.23000000,193.85000000,193.93000000,13697.80000000
1738918800000,193.93000000,194.40000000,193.51000000,194.29000000,21104.20000000
1738919100000,194.29000000,194.87000000,194.23000000,194.79000000,12514.20000000
1738919400000,194.79000000,194.89000000,194.46000000,194.84000000,10681.60000000
1738919700000,194.84000000,195.70000000,194.60000000,195.20000000,41282.40000000
1738920000000,195.20000000,195.65000000,195.02000000,195.05000000,20523.30000000
1738920300000,195.05000000,196.03000000,194.80000000,196.02000000,37707.30000000
1738920600000,196.02000000,196.05000000,195.60000000,195.73000000,41282.90000000
1738920900000,195.73000000,196.59000000,195.73000000,196.02000000,42175.90000000
1738921200000,196.02000000,196.97000000,195.96000000,196.51000000,51034.00000000
1738921500000,196.51000000,196.63000000,195.99000000,196.22000000,20053.20000000
1738921800000,196.22000000,196.88000000,196.21000000,196.81000000,26249.70000000
1738922100000,196.81000000,197.31000000,196.76000000,197.22000000,26292.30000000
1738922400000,197.22000000,197.69000000,196.47000000,196.67000000,34179.90000000
1738922700000,196.67000000,196.75000000,196.30000000,196.68000000,18031.30000000
1738923000000,196.68000000,197.08000000,196.43000000,196.52000000,11207.30000000
1738923300000,196.52000000,196.84000000,196.37000000,196.75000000,10130.10000000
1738923600000,196.75000000,197.62000000,196.64000000,196.97000000,17991.90000000
1738923900000,196.97000000,197.33000000,196.63000000,197.15000000,17478.10000000
1738924200000,197.15000000,197.51000000,196.96000000,197.11000000,17666.80000000
1738924500000,197.11000000,197.80000000,197.11000000,197.62000000,27035.00000000
1738924800000,197.62000000,197.73000000,197.03000000,197.04000000,22778.00000000
1738925100000,197.04000000,197.39000000,197.02000000,197.24000000,12173.60000000
1738925400000,197.24000000,197.43000000,196.72000000,196.93000000,15677.50000000
1738925700000,196.93000000,197.26000000,196.58000000,196.61000000,13779.10000000
1738926000000,196.61000000,197.33000000,196.57000000,197.17000000,17149.60000000
1738926300000,197.17000000,198.06000000,197.10000000,197.95000000,50210.70000000
1738926600000,197.95000000,198.53000000,197.79000000,198.13000000,101453.50000000
1738926900000,198.13000000,198.29000000,197.81000000,197.98000000,18582.30000000
1738927200000,197.98000000,198.23000000,197.71000000,197.77000000,26250.70000000
1738927500000,197.77000000,198.02000000,197.55000000,197.96000000,21067.00000000
1738927800000,197.96000000,197.98000000,197.35000000,197.46000000,27881.30000000
1738928100000,197.46000000,198.34000000,197.43000000,198.11000000,21088.70000000
1738928400000,198.11000000,198.31000000,197.84000000,197.97000000,11156.50000000
1738928700000,197.97000000,198.63000000,197.87000000,197.96000000,11599.30000000
1738929000000,197.96000000,198.20000000,197.83000000,198.04000000,11081.50000000
1738929300000,198.04000000,198.59000000,197.89000000,198.39000000,16390.80000000
1738929600000,198.39000000,198.57000000,198.17000000,198.18000000,20503.00000000
1738929900000,198.18000000,198.23000000,197.70000000,197.86000000,11351.40000000
1738930200000,197.86000000,198.10000000,197.54000000,197.54000000,17505.30000000
1738930500000,197.54000000,197.55000000,196.95000000,197.04000000,29369.00000000
1738930800000,197.04000000,197.70000000,196.96000000,197.64000000,12694.00000000
1738931100000,197.64000000,198.04000000,197.58000000,197.68000000,23274.30000000
1738931400000,197.68000000,198.37000000,197.67000000,198.24000000,28628.30000000
1738931700000,198.24000000,199.61000000,198.24000000,198.88000000,89911.50000000
1738932000000,198.88000000,199.23000000,198.77000000,199.15000000,19212.70000000
1738932300000,199.15000000,199.86000000,198.63000000,199.58000000,51353.50000000
1738932600000,199.58000000,199.58000000,198.68000000,198.81000000,51439.20000000
1738932900000,198.81000000,198.81000000,198.23000000,198.48000000,19058.30000000
1738933200000,198.48000000,198.54000000,197.82000000,197.82000000,24321.50000000
1738933500000,197.82000000,197.94000000,197.64000000,197.67000000,16395.80000000
1738933800000,197.67000000,197.90000000,197.25000000,197.87000000,23541.90000000
1738934100000,197.87000000,197.95000000,197.39000000,197.55000000,19521.40000000
1738934400000,197.55000000,197.73000000,196.89000000,197.06000000,20070.20000000
1738934700000,197.06000000,197.50000000,197.05000000,197.38000000,33319.50000000
1738935000000,197.38000000,199.27000000,196.12000000,197.20000000,241401.50000000
1738935300000,197.20000000,198.62000000,197.00000000,198.52000000,76584.40000000
1738935600000,198.52000000,199.78000000,198.22000000,199.27000000,79722.90000000
1738935900000,199.27000000,199.98000000,198.20000000,199.58000000,56353.90000000
1738936200000,199.58000000,201.10000000,199.35000000,200.66000000,82766.30000000
1738936500000,200.66000000,201.14000000,200.01000000,201.07000000,43107.60000000
1738936800000,201.07000000,201.82000000,200.37000000,200.86000000,54272.50000000
1738937100000,200.86000000,202.53000000,200.54000000,202.32000000,72983.00000000
1738937400000,202.32000000,202.32000000,201.24000000,201.83000000,67179.80000000
1738937700000,201.83000000,202.17000000,201.25000000,201.56000000,46124.70000000
1738938000000,201.56000000,202.26000000,201.39000000,201.92000000,35909.20000000
1738938300000,201.92000000,202.14000000,201.67000000,202.01000000,24117.10000000
1738938600000,202.01000000,202.74000000,201.15000000,201.62000000,65256.70000000
1738938900000,201.62000000,201.77000000,200.56000000,201.72000000,72111.40000000
1738939200000,201.72000000,201.99000000,201.46000000,201.86000000,34031.10000000
1738939500000,201.86000000,202.48000000,201.51000000,202.37000000,28521.90000000
1738939800000,202.37000000,202.90000000,202.18000000,202.71000000,33470.70000000
1738940100000,202.71000000,203.36000000,202.40000000,203.15000000,83378.10000000
1738940400000,203.15000000,203.16000000,199.91000000,200.37000000,181191.80000000
1738940700000,200.37000000,201.18000000,199.33000000,200.59000000,112132.10000000
1738941000000,200.59000000,200.97000000,198.20000000,198.72000000,122218.30000000
1738941300000,198.72000000,199.07000000,197.10000000,197.29000000,158475.20000000
1738941600000,197.29000000,197.48000000,195.73000000,197.25000000,190366.00000000
1738941900000,197.25000000,198.42000000,197.20000000,198.18000000,60000.30000000
1738942200000,198.18000000,199.14000000,197.59000000,198.19000000,61281.20000000
1738942500000,198.19000000,198.86000000,197.79000000,198.11000000,21579.10000000
1738942800000,198.11000000,199.27000000,198.11000000,198.57000000,39790.00000000
1738943100000,198.57000000,199.59000000,198.12000000,199.32000000,36843.30000000
1738943400000,199.32000000,199.92000000,196.68000000,197.08000000,128457.60000000
1738943700000,197.08000000,198.13000000,196.87000000,197.94000000,83813.60000000
1738944000000,197.94000000,198.11000000,195.94000000,196.36000000,78184.80000000
1738944300000,196.36000000,197.29000000,195.92000000,196.94000000,53944.70000000
1738944600000,196.94000000,197.34000000,196.39000000,196.70000000,27799.00000000
1738944900000,196.70000000,198.04000000,196.53000000,197.70000000,27517.80000000
1738945200000,197.70000000,198.24000000,197.05000000,197.18000000,27107.10000000
1738945500000,197.18000000,197.40000000,196.85000000,196.96000000,14912.10000000
1738945800000,196.96000000,197.43000000,196.66000000,197.28000000,17723.80000000
1738946100000,197.28000000,198.23000000,196.84000000,197.93000000,21156.50000000
1738946400000,197.93000000,198.88000000,197.80000000,197.82000000,32082.20000000
1738946700000,197.82000000,197.82000000,196.61000000,196.92000000,31842.70000000
1738947000000,196.92000000,197.05000000,196.25000000,196.53000000,19804.10000000
1738947300000,196.53000000,197.08000000,196.17000000,196.56000000,36787.20000000
1738947600000,196.56000000,197.06000000,196.14000000,196.42000000,33315.40000000
1738947900000,196.42000000,196.71000000,195.21000000,196.41000000,58988.60000000
1738948200000,196.41000000,196.47000000,195.18000000,196.22000000,47180.60000000
1738948500000,196.22000000,196.49000000,194.64000000,195.28000000,66166.60000000
1738948800000,195.28000000,195.51000000,194.55000000,195.06000000,71402.40000000
1738949100000,195.06000000,195.68000000,194.55000000,195.51000000,32134.40000000
1738949400000,195.51000000,195.63000000,194.91000000,195.35000000,15234.20000000
1738949700000,195.35000000,196.06000000,195.35000000,195.88000000,17551.80000000
1738950000000,195.88000000,196.25000000,195.50000000,195.88000000,21439.30000000
1738950300000,195.88000000,196.83000000,195.81000000,196.54000000,20052.40000000
1738950600000,196.54000000,196.76000000,196.05000000,196.66000000,19243.30000000
1738950900000,196.66000000,196.86000000,196.30000000,196.40000000,15348.70000000
1738951200000,196.40000000,197.47000000,196.07000000,197.32000000,31188.00000000
1738951500000,197.32000000,198.17000000,197.23000000,197.66000000,39196.40000000
1738951800000,197.66000000,197.90000000,197.41000000,197.87000000,13001.40000000
1738952100000,197.87000000,198.13000000,197.63000000,198.00000000,22272.40000000
1738952400000,198.00000000,198.54000000,197.50000000,198.50000000,19612.90000000
1738952700000,198.50000000,198.50000000,197.99000000,198.04000000,12186.30000000
1738953000000,198.04000000,198.52000000,197.80000000,198.45000000,15124.70000000
1738953300000,198.45000000,198.65000000,198.12000000,198.55000000,31048.00000000
1738953600000,198.55000000,198.77000000,198.07000000,198.54000000,19534.90000000
1738953900000,198.54000000,199.09000000,198.00000000,198.48000000,23510.50000000
1738954200000,198.48000000,198.68000000,197.62000000,197.77000000,18550.60000000
1738954500000,197.77000000,198.60000000,197.68000000,198.38000000,28793.70000000
1738954800000,198.38000000,198.52000000,197.34000000,197.99000000,33545.00000000
1738955100000,197.99000000,197.99000000,197.01000000,197.72000000,18509.80000000
1738955400000,197.72000000,197.85000000,197.34000000,197.40000000,8722.70000000
1738955700000,197.40000000,197.52000000,196.91000000,197.07000000,13032.10000000
1738956000000,197.07000000,197.60000000,196.79000000,197.50000000,21249.00000000
1738956300000,197.50000000,197.69000000,197.22000000,197.22000000,7856.60000000
1738956600000,197.22000000,197.59000000,196.94000000,197.12000000,8100.40000000
1738956900000,197.12000000,197.12000000,196.08000000,196.42000000,47424.60000000
1738957200000,196.42000000,196.48000000,195.53000000,196.32000000,30582.90000000
1738957500000,196.32000000,196.46000000,195.74000000,196.31000000,19894.70000000
1738957800000,196.31000000,196.43000000,195.59000000,195.60000000,19879.60000000
1738958100000,195.60000000,195.66000000,195.24000000,195.34000000,14653.70000000
1738958400000,195.34000000,195.55000000,193.79000000,194.15000000,71321.80000000
1738958700000,194.15000000,194.18000000,193.15000000,193.39000000,63312.90000000
1738959000000,193.39000000,193.67000000,193.10000000,193.42000000,18209.70000000
1738959300000,193.42000000,194.07000000,193.36000000,193.84000000,23119.10000000
1738959600000,193.84000000,193.84000000,191.75000000,192.04000000,124117.20000000
1738959900000,192.04000000,192.16000000,191.45000000,191.49000000,39662.30000000
1738960200000,191.49000000,191.82000000,191.05000000,191.82000000,46501.00000000
1738960500000,191.82000000,192.04000000,190.77000000,191.18000000,33406.80000000
1738960800000,191.18000000,191.33000000,190.56000000,190.70000000,35871.60000000
1738961100000,190.70000000,191.04000000,190.00000000,190.14000000,69198.90000000
1738961400000,190.14000000,190.70000000,189.93000000,190.03000000,51495.70000000
1738961700000,190.03000000,190.37000000,189.17000000,189.69000000,57902.40000000
1738962000000,189.69000000,190.96000000,189.64000000,190.55000000,59411.30000000
1738962300000,190.55000000,190.74000000,189.83000000,189.91000000,36390.00000000
1738962600000,189.91000000,190.54000000,189.79000000,190.37000000,26146.00000000
1738962900000,190.37000000,190.47000000,189.96000000,190.12000000,23841.60000000
1738963200000,190.12000000,190.17000000,189.02000000,189.85000000,36999.90000000
1738963500000,189.85000000,190.28000000,189.43000000,190.16000000,26311.40000000
1738963800000,190.16000000,190.50000000,189.78000000,190.22000000,21525.70000000
1738964100000,190.22000000,190.37000000,189.48000000,189.77000000,14612.00000000
1738964400000,189.77000000,190.18000000,189.26000000,190.09000000,20278.20000000
1738964700000,190.09000000,190.17000000,189.47000000,189.94000000,20395.00000000
1738965000000,189.94000000,190.06000000,189.33000000,189.86000000,17424.30000000
1738965300000,189.86000000,189.89000000,189.23000000,189.38000000,26139.70000000
1738965600000,189.38000000,189.39000000,188.00000000,188.09000000,69856.30000000
1738965900000,188.09000000,189.69000000,188.09000000,189.69000000,43166.00000000
1738966200000,189.69000000,189.70000000,188.50000000,188.55000000,40557.40000000
1738966500000,188.55000000,189.00000000,188.00000000,188.63000000,19631.30000000
1738966800000,188.63000000,188.96000000,187.95000000,187.96000000,18682.70000000
1738967100000,187.96000000,188.93000000,187.92000000,188.81000000,24173.20000000
1738967400000,188.81000000,188.88000000,188.06000000,188.88000000,22412.80000000
1738967700000,188.88000000,189.29000000,188.31000000,189.09000000,13986.50000000
1738968000000,189.09000000,189.29000000,188.87000000,189.20000000,15107.10000000
1738968300000,189.20000000,189.20000000,188.93000000,189.02000000,5364.80000000
1738968600000,189.02000000,189.24000000,188.90000000,189.23000000,10151.70000000
1738968900000,189.23000000,190.06000000,189.11000000,189.79000000,57126.20000000
1738969200000,189.79000000,189.90000000,189.28000000,189.78000000,39077.50000000
1738969500000,189.78000000,190.55000000,189.37000000,190.49000000,27107.40000000
1738969800000,190.49000000,190.73000000,190.11000000,190.71000000,30546.40000000
1738970100000,190.71000000,191.44000000,190.28000000,191.26000000,41371.70000000
1738970400000,191.26000000,191.27000000,190.85000000,191.26000000,16604.60000000
1738970700000,191.26000000,191.60000000,190.95000000,191.43000000,25192.30000000
1738971000000,191.43000000,191.71000000,191.13000000,191.63000000,18918.20000000
1738971300000,191.63000000,191.73000000,191.24000000,191.67000000,21789.00000000
1738971600000,191.67000000,192.10000000,191.36000000,191.95000000,14332.80000000
1738971900000,191.95000000,192.29000000,191.72000000,192.15000000,9779.00000000
1738972200000,192.15000000,192.20000000,191.45000000,192.15000000,13260.70000000
1738972500000,192.15000000,192.18000000,191.67000000,191.83000000,9536.30000000
1738972800000,191.83000000,191.91000000,191.18000000,191.47000000,41470.40000000
1738973100000,191.47000000,192.12000000,191.45000000,191.84000000,23884.60000000
1738973400000,191.84000000,192.56000000,191.77000000,192.24000000,16059.30000000
1738973700000,192.24000000,192.64000000,191.59000000,192.63000000,28441.60000000
1738974000000,192.63000000,192.84000000,192.23000000,192.64000000,20291.30000000
1738974300000,192.64000000,193.89000000,192.63000000,193.32000000,53062.70000000
1738974600000,193.32000000,193.35000000,192.41000000,192.76000000,29764.30000000
1738974900000,192.76000000,193.16000000,192.44000000,192.58000000,15548.90000000
1738975200000,192.58000000,193.76000000,192.57000000,193.22000000,19159.20000000
1738975500000,193.22000000,193.42000000,192.78000000,192.96000000,19118.60000000
1738975800000,192.96000000,193.28000000,192.51000000,192.88000000,12042.00000000
1738976100000,192.88000000,193.26000000,192.62000000,193.10000000,13127.40000000
1738976400000,193.10000000,193.20000000,192.16000000,193.04000000,26215.20000000
1738976700000,193.04000000,193.20000000,192.63000000,193.02000000,13877.30000000
1738977000000,193.02000000,193.22000000,192.42000000,192.70000000,22179.00000000
1738977300000,192.70000000,192.85000000,192.16000000,192.38000000,19789.00000000
1738977600000,192.38000000,193.35000000,192.37000000,192.92000000,16295.30000000
1738977900000,192.92000000,193.39000000,192.76000000,193.28000000,8947.60000000
1738978200000,193.28000000,193.31000000,192.75000000,192.94000000,17850.30000000
1738978500000,192.94000000,193.67000000,192.84000000,193.34000000,17505.60000000
1738978800000,193.34000000,193.47000000,192.95000000,192.98000000,9032.00000000
1738979100000,192.98000000,193.18000000,192.66000000,192.92000000,16546.00000000
1738979400000,192.92000000,193.18000000,192.63000000,193.16000000,6609.00000000
1738979700000,193.16000000,193.17000000,192.26000000,192.42000000,17933.10000000
1738980000000,192.42000000,192.80000000,192.21000000,192.32000000,18887.70000000
1738980300000,192.32000000,192.42000000,191.86000000,192.05000000,37493.20000000
1738980600000,192.05000000,192.26000000,191.62000000,191.98000000,24115.00000000
1738980900000,191.98000000,192.50000000,191.95000000,192.32000000,21067.30000000
1738981200000,192.32000000,192.70000000,192.22000000,192.29000000,9744.20000000
1738981500000,192.29000000,192.85000000,192.29000000,192.78000000,7365.30000000
1738981800000,192.78000000,192.83000000,192.50000000,192.52000000,7940.70000000
1738982100000,192.52000000,192.80000000,192.07000000,192.18000000,11939.60000000
1738982400000,192.18000000,192.42000000,192.12000000,192.41000000,4594.90000000
1738982700000,192.41000000,192.52000000,192.07000000,192.48000000,6650.90000000
1738983000000,192.48000000,192.86000000,192.37000000,192.86000000,8985.80000000
1738983300000,192.86000000,193.77000000,192.78000000,193.25000000,35476.50000000
1738983600000,193.25000000,194.09000000,193.24000000,193.90000000,22860.50000000
1738983900000,193.90000000,194.15000000,193.77000000,194.12000000,7976.80000000
1738984200000,194.12000000,194.18000000,193.81000000,193.87000000,11483.80000000
1738984500000,193.87000000,193.90000000,193.32000000,193.46000000,7821.50000000
1738984800000,193.46000000,193.63000000,192.40000000,192.73000000,35704.10000000
1738985100000,192.73000000,193.08000000,192.51000000,192.84000000,13616.40000000
1738985400000,192.84000000,193.25000000,192.68000000,193.24000000,8972.20000000
1738985700000,193.24000000,193.37000000,193.04000000,193.26000000,3340.70000000
1738986000000,193.26000000,193.32000000,192.82000000,193.29000000,5076.30000000
1738986300000,193.29000000,193.42000000,192.83000000,193.28000000,6346.20000000
1738986600000,193.28000000,193.28000000,192.78000000,192.90000000,8063.00000000
1738986900000,192.90000000,193.06000000,192.73000000,192.86000000,3982.40000000
1738987200000,192.86000000,193.18000000,192.61000000,192.83000000,7939.60000000
1738987500000,192.83000000,193.01000000,192.63000000,192.90000000,6620.80000000
1738987800000,192.90000000,192.90000000,192.31000000,192.56000000,20682.70000000
1738988100000,192.56000000,192.58000000,192.23000000,192.40000000,6812.50000000
1738988400000,192.40000000,192.64000000,192.32000000,192.63000000,8996.40000000
1738988700000,192.63000000,192.63000000,192.02000000,192.17000000,9173.20000000
1738989000000,192.17000000,192.23000000,192.00000000,192.07000000,9709.10000000
1738989300000,192.07000000,192.26000000,192.01000000,192.05000000,3952.80000000
1738989600000,192.05000000,192.06000000,191.53000000,191.84000000,15584.00000000
1738989900000,191.84000000,192.23000000,191.65000000,191.80000000,10219.00000000
1738990200000,191.80000000,191.91000000,191.41000000,191.59000000,9554.20000000
1738990500000,191.59000000,191.93000000,191.56000000,191.69000000,12614.10000000
1738990800000,191.69000000,191.83000000,190.73000000,190.88000000,25525.10000000
1738991100000,190.88000000,190.89000000,190.51000000,190.69000000,21304.50000000
1738991400000,190.69000000,190.79000000,190.26000000,190.67000000,23317.90000000
1738991700000,190.67000000,190.67000000,189.95000000,190.26000000,24139.90000000
1738992000000,190.26000000,190.97000000,190.01000000,190.94000000,14409.70000000
1738992300000,190.94000000,190.99000000,190.33000000,190.65000000,29014.30000000
1738992600000,190.65000000,190.65000000,190.11000000,190.27000000,23288.70000000
1738992900000,190.27000000,190.78000000,190.15000000,190.51000000,6496.80000000
1738993200000,190.51000000,190.97000000,190.44000000,190.94000000,5918.70000000
1738993500000,190.94000000,191.36000000,190.94000000,191.26000000,11116.40000000
1738993800000,191.26000000,191.35000000,190.80000000,190.80000000,5274.90000000
1738994100000,190.80000000,190.81000000,190.41000000,190.53000000,15841.50000000
1738994400000,190.53000000,190.56000000,190.15000000,190.36000000,9308.10000000
1738994700000,190.36000000,190.86000000,190.36000000,190.70000000,15267.80000000
1738995000000,190.70000000,190.98000000,190.67000000,190.96000000,5914.30000000
1738995300000,190.96000000,191.22000000,190.91000000,191.21000000,5457.60000000
1738995600000,191.21000000,191.26000000,190.87000000,191.18000000,7654.70000000
1738995900000,191.18000000,191.64000000,191.15000000,191.42000000,12435.60000000
1738996200000,191.42000000,191.42000000,190.99000000,191.01000000,12978.60000000
1738996500000,191.01000000,191.18000000,190.80000000,190.81000000,5832.50000000
1738996800000,190.81000000,191.40000000,190.81000000,191.25000000,9189.70000000
1738997100000,191.25000000,191.26000000,190.55000000,190.68000000,6366.90000000
1738997400000,190.68000000,190.96000000,190.59000000,190.71000000,6110.90000000
1738997700000,190.71000000,190.86000000,190.03000000,190.77000000,20608.20000000
1738998000000,190.77000000,191.29000000,190.46000000,190.86000000,23506.10000000
1738998300000,190.86000000,191.02000000,190.43000000,190.58000000,11766.10000000
1738998600000,190.58000000,190.71000000,190.09000000,190.16000000,12278.20000000
1738998900000,190.16000000,190.28000000,189.67000000,189.88000000,28966.30000000
1738999200000,189.88000000,190.36000000,189.84000000,190.32000000,9294.30000000
1738999500000,190.32000000,191.01000000,190.30000000,190.62000000,10029.70000000
1738999800000,190.62000000,191.32000000,190.59000000,191.26000000,11166.30000000
1739000100000,191.26000000,192.17000000,191.20000000,191.83000000,17161.00000000
1739000400000,191.83000000,191.99000000,191.64000000,191.84000000,13235.90000000
1739000700000,191.84000000,192.72000000,191.70000000,192.53000000,22321.40000000
1739001000000,192.53000000,192.99000000,192.25000000,192.63000000,22698.20000000
1739001300000,192.63000000,193.27000000,192.58000000,192.68000000,37671.90000000
1739001600000,192.68000000,193.52000000,192.64000000,192.99000000,33816.30000000
1739001900000,192.99000000,193.19000000,192.59000000,193.05000000,22346.00000000
1739002200000,193.05000000,193.33000000,193.02000000,193.11000000,22687.10000000
1739002500000,193.11000000,193.22000000,192.59000000,192.60000000,21033.90000000
1739002800000,192.60000000,193.13000000,192.52000000,192.75000000,10256.30000000
1739003100000,192.75000000,192.93000000,192.57000000,192.68000000,12645.20000000
1739003400000,192.68000000,192.99000000,192.51000000,192.54000000,15579.00000000
1739003700000,192.54000000,192.68000000,192.04000000,192.45000000,15935.00000000
1739004000000,192.45000000,192.55000000,192.17000000,192.44000000,8860.60000000
1739004300000,192.44000000,192.59000000,191.93000000,192.01000000,11074.20000000
1739004600000,192.01000000,192.24000000,191.66000000,191.78000000,13927.20000000
1739004900000,191.78000000,191.94000000,191.55000000,191.73000000,10236.70000000
1739005200000,191.73000000,192.28000000,191.72000000,192.25000000,10660.70000000
1739005500000,192.25000000,192.30000000,191.89000000,191.96000000,4465.50000000
1739005800000,191.96000000,192.65000000,191.93000000,192.38000000,12374.10000000
1739006100000,192.38000000,193.05000000,192.30000000,193.03000000,13853.20000000
1739006400000,193.03000000,193.24000000,192.92000000,193.08000000,26030.70000000
1739006700000,193.08000000,193.31000000,193.05000000,193.27000000,8112.30000000
1739007000000,193.27000000,193.35000000,192.98000000,193.26000000,12582.50000000
1739007300000,193.26000000,193.41000000,192.95000000,193.19000000,8139.70000000
1739007600000,193.19000000,193.35000000,192.92000000,193.32000000,8577.00000000
1739007900000,193.32000000,193.45000000,193.00000000,193.43000000,5535.70000000
1739008200000,193.43000000,193.87000000,193.15000000,193.77000000,10971.00000000
1739008500000,193.77000000,193.89000000,193.45000000,193.69000000,6482.70000000
1739008800000,193.69000000,194.33000000,193.63000000,194.17000000,24867.40000000
1739009100000,194.17000000,194.28000000,193.93000000,194.08000000,13222.00000000
1739009400000,194.08000000,194.57000000,193.94000000,194.41000000,11766.50000000
1739009700000,194.41000000,194.72000000,194.12000000,194.42000000,14634.30000000
1739010000000,194.42000000,194.64000000,194.25000000,194.57000000,7638.30000000
1739010300000,194.57000000,194.87000000,194.40000000,194.40000000,10142.90000000
1739010600000,194.40000000,194.41000000,193.39000000,194.00000000,42649.60000000
1739010900000,194.00000000,194.00000000,193.54000000,193.80000000,13257.90000000
1739011200000,193.80000000,193.99000000,193.49000000,193.60000000,10793.40000000
1739011500000,193.60000000,193.96000000,193.44000000,193.51000000,16202.50000000
1739011800000,193.51000000,193.78000000,193.23000000,193.71000000,12881.00000000
1739012100000,193.71000000,193.92000000,193.45000000,193.51000000,8412.60000000
1739012400000,193.51000000,193.81000000,193.25000000,193.53000000,17981.90000000
1739012700000,193.53000000,194.04000000,193.49000000,194.00000000,15074.40000000
1739013000000,194.00000000,194.13000000,193.60000000,193.60000000,5581.40000000
1739013300000,193.60000000,194.38000000,193.56000000,194.11000000,12070.20000000
1739013600000,194.11000000,194.25000000,193.69000000,193.69000000,10379.90000000
1739013900000,193.69000000,193.82000000,193.05000000,193.14000000,18085.80000000
1739014200000,193.14000000,193.75000000,193.14000000,193.75000000,16406.60000000
1739014500000,193.75000000,193.90000000,193.40000000,193.44000000,4731.20000000
1739014800000,193.44000000,193.63000000,193.22000000,193.42000000,4076.90000000
1739015100000,193.42000000,193.73000000,192.91000000,193.70000000,14420.20000000
1739015400000,193.70000000,193.94000000,193.47000000,193.93000000,4627.20000000
1739015700000,193.93000000,194.39000000,193.93000000,194.28000000,16703.00000000
1739016000000,194.28000000,194.43000000,193.91000000,194.28000000,14846.10000000
1739016300000,194.28000000,194.39000000,193.75000000,193.75000000,7380.40000000
1739016600000,193.75000000,193.91000000,193.54000000,193.54000000,4522.40000000
1739016900000,193.54000000,193.70000000,193.20000000,193.65000000,9636.00000000
1739017200000,193.65000000,193.67000000,193.03000000,193.37000000,14382.00000000
1739017500000,193.37000000,193.48000000,193.14000000,193.38000000,3426.00000000
1739017800000,193.38000000,193.64000000,193.14000000,193.23000000,9684.30000000
1739018100000,193.23000000,193.87000000,193.16000000,193.34000000,5663.90000000
1739018400000,193.34000000,193.37000000,192.98000000,193.14000000,6392.10000000
1739018700000,193.14000000,193.54000000,193.03000000,193.49000000,5015.10000000
1739019000000,193.49000000,193.94000000,193.26000000,193.90000000,6610.60000000
1739019300000,193.90000000,194.02000000,193.60000000,193.73000000,10048.70000000
1739019600000,193.73000000,194.34000000,193.73000000,194.20000000,11383.80000000
1739019900000,194.20000000,194.42000000,193.85000000,194.38000000,33072.40000000
1739020200000,194.38000000,194.39000000,193.98000000,194.26000000,6405.70000000
1739020500000,194.26000000,194.78000000,194.08000000,194.49000000,13686.90000000
1739020800000,194.49000000,194.68000000,194.09000000,194.10000000,5393.40000000
1739021100000,194.10000000,194.84000000,194.08000000,194.84000000,4635.10000000
1739021400000,194.84000000,194.97000000,194.48000000,194.69000000,12518.50000000
1739021700000,194.69000000,195.80000000,194.42000000,195.64000000,39031.40000000
1739022000000,195.64000000,196.06000000,195.26000000,195.89000000,21704.00000000
1739022300000,195.89000000,196.30000000,195.45000000,195.87000000,21414.70000000
1739022600000,195.87000000,195.88000000,195.46000000,195.49000000,12941.10000000
1739022900000,195.49000000,195.74000000,195.07000000,195.21000000,10789.30000000
1739023200000,195.21000000,195.22000000,194.77000000,195.02000000,19752.80000000
1739023500000,195.02000000,195.80000000,195.00000000,195.77000000,12045.60000000
1739023800000,195.77000000,195.92000000,195.24000000,195.24000000,13795.80000000
1739024100000,195.24000000,195.27000000,194.18000000,194.41000000,22097.90000000
1739024400000,194.41000000,194.47000000,194.00000000,194.44000000,14535.10000000
1739024700000,194.44000000,194.44000000,193.72000000,194.12000000,16651.70000000
1739025000000,194.12000000,194.17000000,193.52000000,194.11000000,25493.80000000
1739025300000,194.11000000,194.22000000,193.86000000,193.91000000,9710.50000000
1739025600000,193.91000000,194.24000000,193.84000000,194.19000000,6740.90000000
1739025900000,194.19000000,194.34000000,193.80000000,194.25000000,11613.70000000
1739026200000,194.25000000,194.83000000,194.25000000,194.57000000,15142.20000000
1739026500000,194.57000000,194.69000000,194.37000000,194.47000000,6837.60000000
1739026800000,194.47000000,194.58000000,193.81000000,194.27000000,12533.30000000
1739027100000,194.27000000,195.09000000,194.27000000,195.05000000,12831.60000000
1739027400000,195.05000000,195.13000000,194.61000000,194.83000000,8735.50000000
1739027700000,194.83000000,195.25000000,194.64000000,194.64000000,12144.80000000
1739028000000,194.64000000,194.64000000,194.02000000,194.34000000,12194.60000000
1739028300000,194.34000000,194.59000000,193.69000000,193.79000000,23083.60000000
1739028600000,193.79000000,193.88000000,193.25000000,193.71000000,23813.50000000
1739028900000,193.71000000,193.92000000,193.38000000,193.56000000,16106.30000000
1739029200000,193.56000000,193.58000000,192.60000000,192.88000000,34226.60000000
1739029500000,192.88000000,193.33000000,192.69000000,193.28000000,19878.90000000
1739029800000,193.28000000,193.41000000,193.11000000,193.16000000,8866.70000000
1739030100000,193.16000000,193.36000000,192.85000000,193.32000000,10135.40000000
1739030400000,193.32000000,193.74000000,193.10000000,193.40000000,14799.30000000
1739030700000,193.40000000,194.13000000,193.30000000,194.12000000,9190.30000000
1739031000000,194.12000000,194.20000000,193.63000000,193.80000000,11089.70000000
1739031300000,193.80000000,194.01000000,193.16000000,193.37000000,7438.30000000
1739031600000,193.37000000,194.03000000,193.36000000,193.98000000,7581.00000000
1739031900000,193.98000000,194.77000000,193.97000000,194.60000000,12937.40000000
1739032200000,194.60000000,194.77000000,194.33000000,194.47000000,9649.80000000
1739032500000,194.47000000,194.56000000,193.76000000,193.87000000,7584.10000000
1739032800000,193.87000000,194.33000000,193.71000000,194.03000000,13707.40000000
1739033100000,194.03000000,194.27000000,193.67000000,193.96000000,28904.70000000
1739033400000,193.96000000,195.52000000,193.83000000,194.86000000,28198.20000000
1739033700000,194.86000000,195.45000000,194.77000000,195.37000000,11668.30000000
1739034000000,195.37000000,196.08000000,195.32000000,195.99000000,29828.90000000
1739034300000,195.99000000,196.35000000,195.70000000,195.84000000,23295.20000000
1739034600000,195.84000000,196.10000000,195.38000000,195.55000000,19430.50000000
1739034900000,195.55000000,195.83000000,195.15000000,195.24000000,20934.30000000
1739035200000,195.24000000,195.25000000,195.00000000,195.19000000,9429.80000000
1739035500000,195.19000000,195.54000000,195.13000000,195.36000000,7874.60000000
1739035800000,195.36000000,195.89000000,195.32000000,195.77000000,9965.30000000
1739036100000,195.77000000,196.18000000,195.44000000,196.02000000,33312.90000000
1739036400000,196.02000000,196.32000000,195.91000000,196.06000000,18573.40000000
1739036700000,196.06000000,196.75000000,195.90000000,196.42000000,33304.60000000
1739037000000,196.42000000,196.77000000,196.37000000,196.52000000,9737.30000000
1739037300000,196.52000000,196.80000000,196.21000000,196.79000000,12794.30000000
1739037600000,196.79000000,197.20000000,196.68000000,196.97000000,23432.60000000
1739037900000,196.97000000,197.04000000,196.35000000,196.80000000,16315.50000000
1739038200000,196.80000000,196.94000000,195.87000000,196.23000000,32433.00000000
1739038500000,196.23000000,196.40000000,195.78000000,196.09000000,13378.10000000
1739038800000,196.09000000,196.23000000,195.85000000,195.97000000,12413.90000000
1739039100000,195.97000000,196.50000000,195.93000000,196.36000000,7089.30000000
1739039400000,196.36000000,197.04000000,196.18000000,196.36000000,15095.70000000
1739039700000,196.36000000,196.79000000,196.28000000,196.33000000,6971.30000000
1739040000000,196.33000000,196.91000000,196.24000000,196.60000000,8789.60000000
1739040300000,196.60000000,196.70000000,196.04000000,196.19000000,7701.10000000
1739040600000,196.19000000,196.54000000,196.12000000,196.12000000,7467.00000000
1739040900000,196.12000000,196.73000000,196.00000000,196.70000000,5492.90000000
1739041200000,196.70000000,197.19000000,196.68000000,196.86000000,13354.30000000
1739041500000,196.86000000,197.00000000,196.59000000,196.62000000,7191.80000000
1739041800000,196.62000000,197.58000000,196.62000000,197.19000000,22676.30000000
1739042100000,197.19000000,197.24000000,196.92000000,197.13000000,5439.30000000
1739042400000,197.13000000,197.87000000,197.06000000,197.82000000,18921.10000000
1739042700000,197.82000000,198.15000000,197.60000000,197.63000000,23189.50000000
1739043000000,197.63000000,198.31000000,197.51000000,198.10000000,21368.80000000
1739043300000,198.10000000,198.11000000,197.54000000,197.70000000,8331.20000000
1739043600000,197.70000000,197.76000000,196.86000000,197.09000000,16382.30000000
1739043900000,197.09000000,197.09000000,196.62000000,196.79000000,18575.70000000
1739044200000,196.79000000,196.88000000,196.53000000,196.75000000,8044.70000000
1739044500000,196.75000000,196.87000000,196.44000000,196.79000000,8685.20000000
1739044800000,196.79000000,197.68000000,196.78000000,196.89000000,19903.40000000
1739045100000,196.89000000,197.17000000,196.59000000,197.04000000,12667.30000000
1739045400000,197.04000000,197.40000000,196.87000000,197.36000000,6952.90000000
1739045700000,197.36000000,197.45000000,197.11000000,197.39000000,7453.60000000
1739046000000,197.39000000,197.83000000,197.29000000,197.83000000,7885.40000000
1739046300000,197.83000000,197.98000000,197.37000000,197.62000000,10897.40000000
1739046600000,197.62000000,197.76000000,197.19000000,197.41000000,6946.90000000
1739046900000,197.41000000,197.77000000,197.38000000,197.73000000,4795.60000000
1739047200000,197.73000000,197.73000000,197.20000000,197.61000000,7898.20000000
1739047500000,197.61000000,197.75000000,196.96000000,197.06000000,12179.80000000
1739047800000,197.06000000,197.39000000,197.00000000,197.35000000,3395.20000000
1739048100000,197.35000000,197.49000000,197.16000000,197.40000000,3852.60000000
1739048400000,197.40000000,197.75000000,197.16000000,197.71000000,8185.40000000
1739048700000,197.71000000,197.90000000,197.46000000,197.46000000,7138.80000000
1739049000000,197.46000000,197.58000000,197.21000000,197.58000000,4978.60000000
1739049300000,197.58000000,197.60000000,197.23000000,197.31000000,3747.90000000
1739049600000,197.31000000,197.62000000,197.23000000,197.55000000,4192.80000000
1739049900000,197.55000000,197.82000000,197.46000000,197.69000000,4962.40000000
1739050200000,197.69000000,197.97000000,197.49000000,197.95000000,7778.60000000
1739050500000,197.95000000,198.45000000,197.95000000,198.34000000,11884.50000000
1739050800000,198.34000000,198.80000000,198.12000000,198.74000000,20175.80000000
1739051100000,198.74000000,198.99000000,198.40000000,198.62000000,25061.60000000
1739051400000,198.62000000,198.62000000,198.05000000,198.16000000,14506.90000000
1739051700000,198.16000000,198.75000000,198.08000000,198.70000000,8191.40000000
1739052000000,198.70000000,199.24000000,198.37000000,198.49000000,26269.10000000
1739052300000,198.49000000,199.44000000,198.45000000,199.39000000,27590.00000000
1739052600000,199.39000000,199.69000000,199.30000000,199.49000000,21075.70000000
1739052900000,199.49000000,199.70000000,198.88000000,198.98000000,20880.20000000
1739053200000,198.98000000,198.99000000,198.45000000,198.77000000,22327.50000000
1739053500000,198.77000000,198.96000000,198.70000000,198.74000000,18681.90000000
1739053800000,198.74000000,198.75000000,197.83000000,198.01000000,24419.30000000
1739054100000,198.01000000,198.08000000,197.51000000,197.96000000,18543.30000000
1739054400000,197.96000000,198.23000000,197.75000000,197.98000000,15336.00000000
1739054700000,197.98000000,198.09000000,197.75000000,197.99000000,12142.40000000
1739055000000,197.99000000,198.35000000,197.98000000,198.22000000,3272.10000000
1739055300000,198.22000000,198.32000000,198.03000000,198.21000000,7385.30000000
1739055600000,198.21000000,199.20000000,198.06000000,199.20000000,20266.50000000
1739055900000,199.20000000,199.51000000,198.96000000,199.05000000,8842.10000000
1739056200000,199.05000000,199.29000000,199.00000000,199.26000000,2761.00000000
1739056500000,199.26000000,199.49000000,199.20000000,199.39000000,7330.70000000
1739056800000,199.39000000,199.83000000,199.28000000,199.79000000,10010.00000000
1739057100000,199.79000000,199.91000000,199.72000000,199.78000000,11178.70000000
1739057400000,199.78000000,200.34000000,199.63000000,200.23000000,25533.80000000
1739057700000,200.23000000,200.45000000,200.08000000,200.35000000,9540.40000000
1739058000000,200.35000000,200.78000000,199.92000000,200.01000000,30329.70000000
1739058300000,200.01000000,200.04000000,199.35000000,199.68000000,23140.70000000
1739058600000,199.68000000,199.97000000,199.31000000,199.59000000,7044.80000000
1739058900000,199.59000000,199.59000000,199.13000000,199.20000000,10547.60000000
1739059200000,199.20000000,199.84000000,199.10000000,199.35000000,24008.30000000
1739059500000,199.35000000,199.67000000,199.19000000,199.62000000,7818.40000000
1739059800000,199.62000000,199.70000000,199.32000000,199.41000000,7924.90000000
1739060100000,199.41000000,199.67000000,198.86000000,198.92000000,16286.70000000
1739060400000,198.92000000,199.49000000,198.81000000,199.18000000,10320.00000000
1739060700000,199.18000000,199.24000000,198.62000000,198.81000000,19280.70000000
1739061000000,198.81000000,198.99000000,198.34000000,198.74000000,27777.70000000
1739061300000,198.74000000,199.06000000,198.66000000,198.83000000,6986.40000000
1739061600000,198.83000000,199.27000000,198.78000000,199.09000000,10033.20000000
1739061900000,199.09000000,199.81000000,198.91000000,199.31000000,11477.30000000
1739062200000,199.31000000,200.15000000,199.30000000,199.94000000,9301.80000000
1739062500000,199.94000000,200.24000000,199.77000000,200.05000000,16297.40000000
1739062800000,200.05000000,200.35000000,199.84000000,199.96000000,12553.00000000
1739063100000,199.96000000,200.59000000,199.86000000,200.48000000,11294.80000000
1739063400000,200.48000000,200.77000000,200.14000000,200.70000000,11145.30000000
1739063700000,200.70000000,200.82000000,200.38000000,200.47000000,13198.50000000
1739064000000,200.47000000,201.24000000,200.39000000,201.24000000,32810.10000000
1739064300000,201.24000000,201.73000000,201.23000000,201.49000000,29203.50000000
1739064600000,201.49000000,201.64000000,201.16000000,201.38000000,26306.70000000
1739064900000,201.38000000,201.64000000,200.98000000,201.20000000,19115.50000000
1739065200000,201.20000000,201.27000000,200.86000000,201.22000000,18214.50000000
1739065500000,201.22000000,201.37000000,200.86000000,201.23000000,16507.30000000
1739065800000,201.23000000,201.48000000,200.97000000,201.44000000,10251.50000000
1739066100000,201.44000000,202.00000000,201.41000000,201.84000000,20044.60000000
1739066400000,201.84000000,202.50000000,201.45000000,201.83000000,35861.30000000
1739066700000,201.83000000,201.96000000,201.40000000,201.72000000,11361.30000000
1739067000000,201.72000000,201.89000000,201.28000000,201.47000000,20959.10000000
1739067300000,201.47000000,202.15000000,201.42000000,201.77000000,15605.90000000
1739067600000,201.77000000,201.92000000,200.98000000,201.02000000,22905.70000000
1739067900000,201.02000000,201.40000000,201.02000000,201.29000000,11531.30000000
1739068200000,201.29000000,201.58000000,201.08000000,201.15000000,9804.90000000
1739068500000,201.15000000,201.42000000,200.87000000,200.87000000,12696.50000000
1739068800000,200.87000000,201.59000000,200.87000000,201.51000000,7623.90000000
1739069100000,201.51000000,201.68000000,201.05000000,201.10000000,9000.80000000
1739069400000,201.10000000,201.30000000,200.98000000,201.27000000,10732.80000000
1739069700000,201.27000000,201.98000000,201.21000000,201.42000000,14946.30000000
1739070000000,201.42000000,201.61000000,201.00000000,201.55000000,10424.70000000
1739070300000,201.55000000,202.09000000,201.53000000,202.07000000,8918.70000000
1739070600000,202.07000000,202.08000000,201.53000000,201.64000000,8620.70000000
1739070900000,201.64000000,202.33000000,201.62000000,202.18000000,16325.00000000
1739071200000,202.18000000,203.00000000,202.16000000,202.95000000,40742.10000000
1739071500000,202.95000000,203.05000000,202.51000000,203.00000000,29092.20000000
1739071800000,203.00000000,204.55000000,202.99000000,204.34000000,78896.40000000
1739072100000,204.34000000,205.27000000,204.20000000,204.98000000,106476.40000000
1739072400000,204.98000000,205.66000000,204.50000000,205.22000000,67860.90000000
1739072700000,205.22000000,205.97000000,204.67000000,205.67000000,73719.00000000
1739073000000,205.67000000,205.87000000,205.28000000,205.73000000,33011.30000000
1739073300000,205.73000000,206.92000000,205.49000000,206.85000000,56456.60000000
1739073600000,206.85000000,206.92000000,205.59000000,206.09000000,36675.90000000
1739073900000,206.09000000,206.12000000,205.00000000,205.52000000,42606.30000000
1739074200000,205.52000000,205.76000000,205.09000000,205.21000000,19750.00000000
1739074500000,205.21000000,205.29000000,204.79000000,204.89000000,21395.60000000
1739074800000,204.89000000,205.92000000,204.85000000,205.31000000,24765.40000000
1739075100000,205.31000000,205.46000000,205.12000000,205.32000000,8288.90000000
1739075400000,205.32000000,205.61000000,204.86000000,205.15000000,32593.40000000
1739075700000,205.15000000,205.51000000,205.03000000,205.25000000,7018.80000000
1739076000000,205.25000000,205.84000000,204.85000000,205.78000000,11137.90000000
1739076300000,205.78000000,206.08000000,205.39000000,205.41000000,24332.00000000
1739076600000,205.41000000,206.25000000,205.41000000,206.02000000,12670.70000000
1739076900000,206.02000000,206.12000000,205.64000000,205.79000000,12630.30000000
1739077200000,205.79000000,206.02000000,205.58000000,205.78000000,12378.60000000
1739077500000,205.78000000,205.99000000,205.68000000,205.86000000,7114.10000000
1739077800000,205.86000000,205.87000000,205.30000000,205.49000000,8525.90000000
1739078100000,205.49000000,205.98000000,205.31000000,205.89000000,16149.40000000
1739078400000,205.89000000,206.57000000,205.88000000,206.42000000,16003.60000000
1739078700000,206.42000000,206.57000000,205.81000000,205.91000000,16591.20000000
1739079000000,205.91000000,206.36000000,205.85000000,206.36000000,17682.00000000
1739079300000,206.36000000,206.82000000,206.30000000,206.77000000,13843.20000000
1739079600000,206.77000000,207.23000000,206.61000000,207.02000000,24088.40000000
1739079900000,207.02000000,207.27000000,206.73000000,206.84000000,26048.30000000
1739080200000,206.84000000,206.90000000,205.87000000,205.87000000,32923.00000000
1739080500000,205.87000000,206.17000000,205.87000000,206.14000000,5948.90000000
1739080800000,206.14000000,206.36000000,205.21000000,205.36000000,42519.90000000
1739081100000,205.36000000,205.56000000,204.86000000,205.12000000,37726.50000000
1739081400000,205.12000000,205.42000000,204.77000000,204.91000000,27548.10000000
1739081700000,204.91000000,205.17000000,204.56000000,204.65000000,27933.50000000
1739082000000,204.65000000,204.77000000,204.05000000,204.35000000,41849.10000000
1739082300000,204.35000000,204.59000000,204.19000000,204.56000000,18518.60000000
1739082600000,204.56000000,204.56000000,204.05000000,204.25000000,11394.90000000
1739082900000,204.25000000,204.28000000,203.78000000,203.95000000,22453.50000000
1739083200000,203.95000000,204.88000000,203.93000000,204.68000000,25807.60000000
1739083500000,204.68000000,204.70000000,204.09000000,204.18000000,12596.00000000
1739083800000,204.18000000,204.78000000,204.18000000,204.51000000,8128.00000000
1739084100000,204.51000000,205.13000000,204.51000000,204.91000000,26019.90000000
1739084400000,204.91000000,204.98000000,204.45000000,204.56000000,14512.60000000
1739084700000,204.56000000,204.56000000,204.11000000,204.21000000,12020.50000000
1739085000000,204.21000000,204.78000000,204.15000000,204.48000000,23516.60000000
1739085300000,204.48000000,204.81000000,204.32000000,204.47000000,12332.90000000
1739085600000,204.47000000,204.51000000,204.09000000,204.14000000,9235.60000000
1739085900000,204.14000000,204.58000000,204.07000000,204.57000000,13311.40000000
1739086200000,204.57000000,204.71000000,204.27000000,204.64000000,10663.30000000
1739086500000,204.64000000,204.66000000,203.99000000,203.99000000,16553.80000000
1739086800000,203.99000000,204.36000000,203.87000000,203.90000000,34821.30000000
1739087100000,203.90000000,204.13000000,203.65000000,203.79000000,22848.40000000
1739087400000,203.79000000,204.16000000,203.77000000,204.07000000,12878.50000000
1739087700000,204.07000000,204.07000000,203.69000000,203.85000000,6783.70000000
1739088000000,203.85000000,204.41000000,203.85000000,204.33000000,14217.30000000
1739088300000,204.33000000,204.45000000,204.22000000,204.30000000,14960.00000000
1739088600000,204.30000000,204.42000000,204.10000000,204.35000000,11661.00000000
1739088900000,204.35000000,204.37000000,204.09000000,204.20000000,7384.30000000
1739089200000,204.20000000,204.40000000,203.94000000,204.19000000,8248.70000000
